"Rank20","Rank19","Company","Country","Value20","Value19","Rate20","Rate19"
"1","1","Amazon","United States","$220,791M","$187,905M","AAA","AAA-"
"2","2","Google","United States","$159,722M","$142,755M","AAA","AAA"
"3","3","Apple","United States","$140,524M","$153,634M","AAA","AAA"
"4","4","Microsoft","United States","$117,072M","$119,595M","AAA","AAA"
"5","5","Samsung Group","South Korea","$94,494M","$91,282M","AAA-","AAA-"
"6","6","ICBC","China","$80,791M","$79,823M","AAA","AAA+"
"7","7","Facebook","United States","$79,804M","$83,202M","AA+","AAA-"
"8","8","Walmart","United States","$77,520M","$67,867M","AA+","AA+"
"9","9","Ping An","China","$69,041M","$57,626M","AAA-","AAA-"
"10","10","Huawei","China","$65,084M","$62,278M","AAA-","AAA-"
"11","11","Mercedes-Benz","Germany","$65,041M","$60,355M","AAA-","AAA-"
"12","12","Verizon","United States","$63,692M","$71,154M","AAA-","AAA"
"13","13","China Construction Bank","China","$62,602M","$69,742M","AAA-","AAA"
"14","14","AT&T","United States","$59,103M","$87,005M","AA+","AA+"
"15","15","Toyota","Japan","$58,076M","$52,291M","AAA","AAA"
"16","16","State Grid","China","$56,965M","$51,292M","AAA-","AA+"
"17","17","Disney","United States","$56,123M","$45,750M","AAA+","AAA"
"18","18","Agricultural Bank Of China","China","$54,658M","$55,040M","AAA-","AAA"
"19","19","WeChat","China","$54,146M","$50,707M","AAA+","AAA+"
"20","20","Bank of China","China","$50,630M","$50,990M","AAA-","AAA"
"21","21","Home Depot","United States","$50,508M","$47,056M","AAA-","AAA-"
"22","22","China Mobile","China","$49,023M","$55,670M","AAA","AAA"
"23","23","Shell","Netherlands","$47,529M","$42,295M","AAA","AAA-"
"24","24","Saudi Aramco","Saudi Arabia","$46,768M","$0M","AA",""
"25","25","Volkswagen","Germany","$44,897M","$41,739M","AA+","AA+"
"26","26","YouTube","United States","$44,476M","$37,847M","AAA","AAA"
"27","27","Tencent (QQ)","China","$44,091M","$49,701M","AAA+","AAA"
"28","28","Starbucks","United States","$41,043M","$39,268M","AAA-","AAA"
"29","29","Wells Fargo","United States","$40,881M","$39,948M","AAA-","AA+"
"30","30","BMW","Germany","$40,483M","$40,501M","AAA-","AAA"
"31","31","Deutsche Telekom","Germany","$39,956M","$46,259M","AA+","AAA-"
"32","32","Moutai","China","$39,332M","$30,470M","AAA","AAA-"
"33","33","PetroChina","China","$38,028M","$36,799M","AAA-","AAA-"
"34","34","Coca-Cola","United States","$37,935M","$36,188M","AAA+","AAA+"
"35","35","Mitsubishi Group","Japan","$37,652M","$26,376M","A+","A+"
"36","36","McDonald's","United States","$37,449M","$31,487M","AAA","AAA+"
"37","37","Taobao","China","$36,986M","$46,628M","AAA-","AAA-"
"38","38","NTT Group","Japan","$36,351M","$41,670M","AA","AA+"
"39","39","Bank of America","United States","$35,361M","$36,687M","AA+","AA+"
"40","40","Nike","United States","$34,792M","$32,421M","AAA","AAA"
"41","41","Porsche","Germany","$33,911M","$29,347M","AAA-","AAA"
"42","42","Sinopec","China","$33,437M","$29,147M","AAA-","AAA-"
"43","43","IBM","United States","$33,358M","$32,854M","AAA-","AAA-"
"44","44","CITI","United States","$33,131M","$36,407M","AA+","AA+"
"45","45","Honda","Japan","$33,102M","$25,744M","AAA-","AA+"
"46","46","Marlboro","United States","$32,671M","$33,569M","AA+","AA+"
"47","47","Deloitte","United States","$32,471M","$29,633M","AAA+","AAA+"
"48","48","Chase","United States","$31,250M","$36,265M","AA+","AAA-"
"49","49","Tmall","China","$30,652M","$36,430M","AAA-","AAA-"
"50","50","UPS","United States","$29,482M","$29,300M","AAA-","AAA-"
"51","51","American Express","United States","$29,160M","$27,462M","AAA-","AAA-"
"52","52","Xfinity","United States","$28,828M","$27,098M","AA","AA"
"53","53","UnitedHealthcare","United States","$28,324M","$30,577M","AA","AA"
"54","54","Sumitomo Group","Japan","$27,903M","$26,694M","A+","A+"
"55","55","Intel","United States","$27,507M","$29,113M","AAA","AAA+"
"56","56","VISA","United States","$26,856M","$27,680M","AAA","AAA"
"57","57","Instagram","United States","$26,437M","$16,738M","AAA","AAA"
"58","58","China Life","China","$25,466M","$26,637M","AAA-","AAA"
"59","59","accenture","United States","$25,294M","$26,292M","AAA-","AAA"
"60","60","Allianz","Germany","$24,838M","$23,105M","AAA-","AA+"
"61","61","CSCEC","China","$24,820M","$25,673M","AA-","AA-"
"62","62","PWC","United States","$24,808M","$24,893M","AAA+","AAA+"
"63","63","Lowe's","United States","$24,757M","$23,938M","AA+","AAA-"
"64","64","Mitsui","Japan","$24,338M","$21,015M","AA-","A+"
"65","65","General Electric","United States","$24,205M","$28,263M","AAA-","AAA-"
"66","66","EY","United Kingdom","$23,705M","$23,222M","AAA","AAA+"
"67","67","Oracle","United States","$23,590M","$25,277M","AA","AA"
"68","68","Cisco","United States","$23,322M","$21,776M","AA+","AA+"
"69","69","BP","United Kingdom","$23,267M","$22,675M","AA","AA-"
"70","70","CVS","United States","$23,182M","$21,254M","AA","AA+"
"71","71","Total","France","$23,157M","$25,189M","AA+","AA+"
"72","72","FedEx","United States","$22,990M","$24,232M","AA+","AA+"
"73","73","Netflix","United States","$22,945M","$21,162M","AAA-","AAA-"
"74","74","China Merchants Bank","China","$22,884M","$22,480M","AA+","AAA-"
"75","75","JP Morgan","United States","$22,826M","$19,797M","AAA-","AA"
"76","76","Boeing","United States","$22,749M","$32,022M","AAA-","AAA+"
"77","77","Costco","United States","$22,604M","$17,115M","AA","AA"
"78","78","SK Group","South Korea","$21,517M","$26,096M","AA-","AA-"
"79","79","Wuliangye","China","$20,872M","$16,038M","AAA-","AAA-"
"80","80","Evergrande","China","$20,552M","$20,444M","AA","AA+"
"81","81","Nestle","Switzerland","$20,309M","$19,644M","AAA-","AAA-"
"82","82","Hyundai Group","South Korea","$20,148M","$20,721M","A+","AA-"
"83","83","China Telecom","China","$20,059M","$20,636M","AAA-","AAA-"
"84","84","Siemens","Germany","$20,057M","$21,607M","AAA","AAA-"
"85","85","TATA Group","India","$20,001M","$19,559M","AA+","AA+"
"86","86","Mastercard","United States","$19,838M","$18,293M","AAA-","AAA-"
"87","87","Bosch","Germany","$19,596M","$22,941M","AA+","AAA-"
"88","88","IKEA","Sweden","$19,499M","$21,531M","AAA-","AAA-"
"89","89","HSBC","United Kingdom","$19,463M","$20,189M","AA-","AA-"
"90","90","Spectrum","United States","$19,266M","$15,413M","AA","AA-"
"91","91","Vodafone","United Kingdom","$19,121M","$21,322M","AA+","AA+"
"92","92","Pepsi","United States","$18,922M","$18,520M","AAA","AAA"
"93","93","Alibaba.com","China","$18,819M","$14,607M","AA+","AA+"
"94","94","Ford","United States","$18,515M","$18,772M","AA+","AA+"
"95","95","AIA","China (Hong Kong)","$18,191M","$15,503M","AAA-","AAA-"
"96","96","Orange","France","$18,131M","$21,005M","AA+","AA+"
"97","97","Nissan","Japan","$17,916M","$18,753M","AA+","AA"
"98","98","Chevron","United States","$17,855M","$17,054M","AA","AA"
"99","99","GUCCI","Italy","$17,630M","$14,662M","AAA+","AAA"
"100","100","Dell Technologies","United States","$17,630M","$22,860M","AA","AA+"
"101","101","Santander","Spain","ğŸ”’","ğŸ”’","ğŸ”’","ğŸ”’"
"102","102","LG Group","South Korea","ğŸ”’","ğŸ”’","ğŸ”’","ğŸ”’"
"103","103","Country Garden","China","ğŸ”’","ğŸ”’","ğŸ”’","ğŸ”’"
"104","104","KFC","United States","ğŸ”’","ğŸ”’","ğŸ”’","ğŸ”’"
"105","105","Audi","Germany","ğŸ”’","ğŸ”’","ğŸ”’","ğŸ”’"
"106","106","Volvo","Sweden","ğŸ”’","ğŸ”’","ğŸ”’","ğŸ”’"
"107","107","Anthem","United States","ğŸ”’","ğŸ”’","ğŸ”’","ğŸ”’"
"108","108","SAP","Germany","ğŸ”’","ğŸ”’","ğŸ”’","ğŸ”’"
"109","109","Adidas","Germany","ğŸ”’","ğŸ”’","ğŸ”’","ğŸ”’"
"110","110","Louis Vuitton","France","ğŸ”’","ğŸ”’","ğŸ”’","ğŸ”’"
"111","111","AXA","France","ğŸ”’","ğŸ”’","ğŸ”’","ğŸ”’"
"112","112","SoftBank","Japan","ğŸ”’","ğŸ”’","ğŸ”’","ğŸ”’"
"113","113","TD","Canada","ğŸ”’","ğŸ”’","ğŸ”’","ğŸ”’"
"114","114","Target","United States","ğŸ”’","ğŸ”’","ğŸ”’","ğŸ”’"
"115","115","PayPal","United States","ğŸ”’","ğŸ”’","ğŸ”’","ğŸ”’"
"116","116","au","Japan","ğŸ”’","ğŸ”’","ğŸ”’","ğŸ”’"
"117","117","RBC","Canada","ğŸ”’","ğŸ”’","ğŸ”’","ğŸ”’"
"118","118","ExxonMobil","United States","ğŸ”’","ğŸ”’","ğŸ”’","ğŸ”’"
"119","119","Uber","United States","ğŸ”’","ğŸ”’","ğŸ”’","ğŸ”’"
"120","120","Petronas","Malaysia","ğŸ”’","ğŸ”’","ğŸ”’","ğŸ”’"
"121","121","Bank of Communications","China","ğŸ”’","ğŸ”’","ğŸ”’","ğŸ”’"
"122","122","NBC","United States","ğŸ”’","ğŸ”’","ğŸ”’","ğŸ”’"
"123","123","Cartier","France","ğŸ”’","ğŸ”’","ğŸ”’","ğŸ”’"
"124","124","Walgreens","United States","ğŸ”’","ğŸ”’","ğŸ”’","ğŸ”’"
"125","125","KPMG","United States","ğŸ”’","ğŸ”’","ğŸ”’","ğŸ”’"
"126","126","Universal","United States","ğŸ”’","ğŸ”’","ğŸ”’","ğŸ”’"
"127","127","Capital One","United States","ğŸ”’","ğŸ”’","ğŸ”’","ğŸ”’"
"128","128","ZARA","Spain","ğŸ”’","ğŸ”’","ğŸ”’","ğŸ”’"
"129","129","Hitachi","Japan","ğŸ”’","ğŸ”’","ğŸ”’","ğŸ”’"
"130","130","Aldi","Germany","ğŸ”’","ğŸ”’","ğŸ”’","ğŸ”’"
"131","131","Airbus","France","ğŸ”’","ğŸ”’","ğŸ”’","ğŸ”’"
"132","132","CPIC","China","ğŸ”’","ğŸ”’","ğŸ”’","ğŸ”’"
"133","133","Chevrolet","United States","ğŸ”’","ğŸ”’","ğŸ”’","ğŸ”’"
"134","134","Shanghai Pudong Development Bank","China","ğŸ”’","ğŸ”’","ğŸ”’","ğŸ”’"
"135","135","H&M","Sweden","ğŸ”’","ğŸ”’","ğŸ”’","ğŸ”’"
"136","136","Chanel","France","ğŸ”’","ğŸ”’","ğŸ”’","ğŸ”’"
"137","137","Postal Savings Bank","China","ğŸ”’","ğŸ”’","ğŸ”’","ğŸ”’"
"138","138","BNP Paribas","France","ğŸ”’","ğŸ”’","ğŸ”’","ğŸ”’"
"139","139","Sberbank","Russia","ğŸ”’","ğŸ”’","ğŸ”’","ğŸ”’"
"140","140","China CITIC Bank","China","ğŸ”’","ğŸ”’","ğŸ”’","ğŸ”’"
"141","141","NetEase","China","ğŸ”’","ğŸ”’","ğŸ”’","ğŸ”’"
"142","142","JD.com","China","ğŸ”’","ğŸ”’","ğŸ”’","ğŸ”’"
"143","143","UNIQLO","Japan","ğŸ”’","ğŸ”’","ğŸ”’","ğŸ”’"
"144","144","Sony","Japan","ğŸ”’","ğŸ”’","ğŸ”’","ğŸ”’"
"145","145","Lockheed Martin","United States","ğŸ”’","ğŸ”’","ğŸ”’","ğŸ”’"
"146","146","Humana","United States","ğŸ”’","ğŸ”’","ğŸ”’","ğŸ”’"
"147","147","Tesla","United States","ğŸ”’","ğŸ”’","ğŸ”’","ğŸ”’"
"148","148","Lidl","Germany","ğŸ”’","ğŸ”’","ğŸ”’","ğŸ”’"
"149","149","Midea","China","ğŸ”’","ğŸ”’","ğŸ”’","ğŸ”’"
"150","150","Vanke","China","ğŸ”’","ğŸ”’","ğŸ”’","ğŸ”’"
"151","151","CRCC","China","ğŸ”’","ğŸ”’","ğŸ”’","ğŸ”’"
"152","152","JR","Japan","ğŸ”’","ğŸ”’","ğŸ”’","ğŸ”’"
"153","153","Optum","United States","ğŸ”’","ğŸ”’","ğŸ”’","ğŸ”’"
"154","154","HermÃ¨s","France","ğŸ”’","ğŸ”’","ğŸ”’","ğŸ”’"
"155","155","EDF","France","ğŸ”’","ğŸ”’","ğŸ”’","ğŸ”’"
"156","156","Enel","Italy","ğŸ”’","ğŸ”’","ğŸ”’","ğŸ”’"
"157","157","L'OrÃ©al","France","ğŸ”’","ğŸ”’","ğŸ”’","ğŸ”’"
"158","158","CBS","United States","ğŸ”’","ğŸ”’","ğŸ”’","ğŸ”’"
"159","159","Panasonic","Japan","ğŸ”’","ğŸ”’","ğŸ”’","ğŸ”’"
"160","160","Greenland","China","ğŸ”’","ğŸ”’","ğŸ”’","ğŸ”’"
"161","161","ADNOC","UAE","ğŸ”’","ğŸ”’","ğŸ”’","ğŸ”’"
"162","162","Goldman Sachs","United States","ğŸ”’","ğŸ”’","ğŸ”’","ğŸ”’"
"163","163","ING","Netherlands","ğŸ”’","ğŸ”’","ğŸ”’","ğŸ”’"
"164","164","CRECG","China","ğŸ”’","ğŸ”’","ğŸ”’","ğŸ”’"
"165","165","Warner Bros","United States","ğŸ”’","ğŸ”’","ğŸ”’","ğŸ”’"
"166","166","ENGIE","France","ğŸ”’","ğŸ”’","ğŸ”’","ğŸ”’"
"167","167","Tesco","United Kingdom","ğŸ”’","ğŸ”’","ğŸ”’","ğŸ”’"
"168","168","PICC","China","ğŸ”’","ğŸ”’","ğŸ”’","ğŸ”’"
"169","169","Renault","France","ğŸ”’","ğŸ”’","ğŸ”’","ğŸ”’"
"170","170","Sephora","France","ğŸ”’","ğŸ”’","ğŸ”’","ğŸ”’"
"171","171","Johnson & Johnson","United States","ğŸ”’","ğŸ”’","ğŸ”’","ğŸ”’"
"172","172","Hilton Hotels & Resorts","United States","ğŸ”’","ğŸ”’","ğŸ”’","ğŸ”’"
"173","173","Barclays","United Kingdom","ğŸ”’","ğŸ”’","ğŸ”’","ğŸ”’"
"174","174","Airbnb","United States","ğŸ”’","ğŸ”’","ğŸ”’","ğŸ”’"
"175","175","Industrial Bank","China","ğŸ”’","ğŸ”’","ğŸ”’","ğŸ”’"
"176","176","GEICO","United States","ğŸ”’","ğŸ”’","ğŸ”’","ğŸ”’"
"177","177","Salesforce","United States","ğŸ”’","ğŸ”’","ğŸ”’","ğŸ”’"
"178","178","booking.com","United States","ğŸ”’","ğŸ”’","ğŸ”’","ğŸ”’"
"179","179","Marubeni","Japan","ğŸ”’","ğŸ”’","ğŸ”’","ğŸ”’"
"180","180","Scotiabank","Canada","ğŸ”’","ğŸ”’","ğŸ”’","ğŸ”’"
"181","181","DHL","Germany","ğŸ”’","ğŸ”’","ğŸ”’","ğŸ”’"
"182","182","Nokia","Finland","ğŸ”’","ğŸ”’","ğŸ”’","ğŸ”’"
"183","183","Sam's Club","United States","ğŸ”’","ğŸ”’","ğŸ”’","ğŸ”’"
"184","184","China Everbright Bank","China","ğŸ”’","ğŸ”’","ğŸ”’","ğŸ”’"
"185","185","China Minsheng Bank","China","ğŸ”’","ğŸ”’","ğŸ”’","ğŸ”’"
"186","186","Movistar","Spain","ğŸ”’","ğŸ”’","ğŸ”’","ğŸ”’"
"187","187","Gree","China","ğŸ”’","ğŸ”’","ğŸ”’","ğŸ”’"
"188","188","Equinor","Norway","ğŸ”’","ğŸ”’","ğŸ”’","ğŸ”’"
"189","189","T.J. Maxx","United States","ğŸ”’","ğŸ”’","ğŸ”’","ğŸ”’"
"190","190","BMO","Canada","ğŸ”’","ğŸ”’","ğŸ”’","ğŸ”’"
"191","191","Medtronic","United States","ğŸ”’","ğŸ”’","ğŸ”’","ğŸ”’"
"192","192","BBVA","Spain","ğŸ”’","ğŸ”’","ğŸ”’","ğŸ”’"
"193","193","MUFG","Japan","ğŸ”’","ğŸ”’","ğŸ”’","ğŸ”’"
"194","194","Canon","Japan","ğŸ”’","ğŸ”’","ğŸ”’","ğŸ”’"
"195","195","Adobe","United States","ğŸ”’","ğŸ”’","ğŸ”’","ğŸ”’"
"196","196","China Unicom","China","ğŸ”’","ğŸ”’","ğŸ”’","ğŸ”’"
"197","197","Eni","Italy","ğŸ”’","ğŸ”’","ğŸ”’","ğŸ”’"
"198","198","Sky","United Kingdom","ğŸ”’","ğŸ”’","ğŸ”’","ğŸ”’"
"199","199","Longfor Properties","China","ğŸ”’","ğŸ”’","ğŸ”’","ğŸ”’"
"200","200","Lexus","Japan","ğŸ”’","ğŸ”’","ğŸ”’","ğŸ”’"
"201","201","Delta","United States","ğŸ”’","ğŸ”’","ğŸ”’","ğŸ”’"
"202","202","UBS","Switzerland","ğŸ”’","ğŸ”’","ğŸ”’","ğŸ”’"
"203","203","HP","United States","ğŸ”’","ğŸ”’","ğŸ”’","ğŸ”’"
"204","204","Poly Real Estate","China","ğŸ”’","ğŸ”’","ğŸ”’","ğŸ”’"
"205","205","Allstate","United States","ğŸ”’","ğŸ”’","ğŸ”’","ğŸ”’"
"206","206","Ferrari","Italy","ğŸ”’","ğŸ”’","ğŸ”’","ğŸ”’"
"207","207","Baidu","China","ğŸ”’","ğŸ”’","ğŸ”’","ğŸ”’"
"208","208","Morgan Stanley","United States","ğŸ”’","ğŸ”’","ğŸ”’","ğŸ”’"
"209","209","American Airlines","United States","ğŸ”’","ğŸ”’","ğŸ”’","ğŸ”’"
"210","210","3M","United States","ğŸ”’","ğŸ”’","ğŸ”’","ğŸ”’"
"211","211","Carrefour","France","ğŸ”’","ğŸ”’","ğŸ”’","ğŸ”’"
"212","212","HCA","United States","ğŸ”’","ğŸ”’","ğŸ”’","ğŸ”’"
"213","213","Japan Post Holdings","Japan","ğŸ”’","ğŸ”’","ğŸ”’","ğŸ”’"
"214","214","Union Pacific","United States","ğŸ”’","ğŸ”’","ğŸ”’","ğŸ”’"
"215","215","7-Eleven","Japan","ğŸ”’","ğŸ”’","ğŸ”’","ğŸ”’"
"216","216","Yili","China","ğŸ”’","ğŸ”’","ğŸ”’","ğŸ”’"
"217","217","Subaru","Japan","ğŸ”’","ğŸ”’","ğŸ”’","ğŸ”’"
"218","218","TSMC","China (Taiwan)","ğŸ”’","ğŸ”’","ğŸ”’","ğŸ”’"
"219","219","Cognizant","United States","ğŸ”’","ğŸ”’","ğŸ”’","ğŸ”’"
"220","220","Yahoo! Group","Japan","ğŸ”’","ğŸ”’","ğŸ”’","ğŸ”’"
"221","221","U.S. Bank","United States","ğŸ”’","ğŸ”’","ğŸ”’","ğŸ”’"
"222","222","China Resources Land","China (Hong Kong)","ğŸ”’","ğŸ”’","ğŸ”’","ğŸ”’"
"223","223","Gillette","United States","ğŸ”’","ğŸ”’","ğŸ”’","ğŸ”’"
"224","224","DBS","Singapore","ğŸ”’","ğŸ”’","ğŸ”’","ğŸ”’"
"225","225","Etisalat","UAE","ğŸ”’","ğŸ”’","ğŸ”’","ğŸ”’"
"226","226","Fox","United States","ğŸ”’","ğŸ”’","ğŸ”’","ğŸ”’"
"227","227","Tyson","United States","ğŸ”’","ğŸ”’","ğŸ”’","ğŸ”’"
"228","228","Aetna","United States","ğŸ”’","ğŸ”’","ğŸ”’","ğŸ”’"
"229","229","Progressive","United States","ğŸ”’","ğŸ”’","ğŸ”’","ğŸ”’"
"230","230","John Deere","United States","ğŸ”’","ğŸ”’","ğŸ”’","ğŸ”’"
"231","231","Zurich","Switzerland","ğŸ”’","ğŸ”’","ğŸ”’","ğŸ”’"
"232","232","United Airlines","United States","ğŸ”’","ğŸ”’","ğŸ”’","ğŸ”’"
"233","233","ESPN","United States","ğŸ”’","ğŸ”’","ğŸ”’","ğŸ”’"
"234","234","eBay","United States","ğŸ”’","ğŸ”’","ğŸ”’","ğŸ”’"
"235","235","Woolworths","Australia","ğŸ”’","ğŸ”’","ğŸ”’","ğŸ”’"
"236","236","Generali Group","Italy","ğŸ”’","ğŸ”’","ğŸ”’","ğŸ”’"
"237","237","20th Century Studios","United States","ğŸ”’","ğŸ”’","ğŸ”’","ğŸ”’"
"238","238","LIC","India","ğŸ”’","ğŸ”’","ğŸ”’","ğŸ”’"
"239","239","Corona","Mexico","ğŸ”’","ğŸ”’","ğŸ”’","ğŸ”’"
"240","240","Telstra","Australia","ğŸ”’","ğŸ”’","ğŸ”’","ğŸ”’"
"241","241","Purina","United States","ğŸ”’","ğŸ”’","ğŸ”’","ğŸ”’"
"242","242","STC","Saudi Arabia","ğŸ”’","ğŸ”’","ğŸ”’","ğŸ”’"
"243","243","Subway","United States","ğŸ”’","ğŸ”’","ğŸ”’","ğŸ”’"
"244","244","Reliance","India","ğŸ”’","ğŸ”’","ğŸ”’","ğŸ”’"
"245","245","VINCI","France","ğŸ”’","ğŸ”’","ğŸ”’","ğŸ”’"
"246","246","CIBC","Canada","ğŸ”’","ğŸ”’","ğŸ”’","ğŸ”’"
"247","247","BASF","Germany","ğŸ”’","ğŸ”’","ğŸ”’","ğŸ”’"
"248","248","Rolex","Switzerland","ğŸ”’","ğŸ”’","ğŸ”’","ğŸ”’"
"249","249","LinkedIn","United States","ğŸ”’","ğŸ”’","ğŸ”’","ğŸ”’"
"250","250","Danone","France","ğŸ”’","ğŸ”’","ğŸ”’","ğŸ”’"
"251","251","Canada Life","Canada","ğŸ”’","ğŸ”’","ğŸ”’","ğŸ”’"
"252","252","POWERCHINA","China","ğŸ”’","ğŸ”’","ğŸ”’","ğŸ”’"
"253","253","Rabobank","Netherlands","ğŸ”’","ğŸ”’","ğŸ”’","ğŸ”’"
"254","254","Metlife","United States","ğŸ”’","ğŸ”’","ğŸ”’","ğŸ”’"
"255","255","Haier","China","ğŸ”’","ğŸ”’","ğŸ”’","ğŸ”’"
"256","256","Yanghe","China","ğŸ”’","ğŸ”’","ğŸ”’","ğŸ”’"
"257","257","PNC","United States","ğŸ”’","ğŸ”’","ğŸ”’","ğŸ”’"
"258","258","Cigna","United States","ğŸ”’","ğŸ”’","ğŸ”’","ğŸ”’"
"259","259","Land Rover","United Kingdom","ğŸ”’","ğŸ”’","ğŸ”’","ğŸ”’"
"260","260","Roche","Switzerland","ğŸ”’","ğŸ”’","ğŸ”’","ğŸ”’"
"261","261","Gazprom","Russia","ğŸ”’","ğŸ”’","ğŸ”’","ğŸ”’"
"262","262","Dollar General","United States","ğŸ”’","ğŸ”’","ğŸ”’","ğŸ”’"
"263","263","Sunac","China","ğŸ”’","ğŸ”’","ğŸ”’","ğŸ”’"
"264","264","BNSF","United States","ğŸ”’","ğŸ”’","ğŸ”’","ğŸ”’"
"265","265","KEPCO","South Korea","ğŸ”’","ğŸ”’","ğŸ”’","ğŸ”’"
"266","266","Northrop Grumman","United States","ğŸ”’","ğŸ”’","ğŸ”’","ğŸ”’"
"267","267","NIVEA","Germany","ğŸ”’","ğŸ”’","ğŸ”’","ğŸ”’"
"268","268","Enterprise","United States","ğŸ”’","ğŸ”’","ğŸ”’","ğŸ”’"
"269","269","SociÃ©tÃ© GÃ©nÃ©rale","France","ğŸ”’","ğŸ”’","ğŸ”’","ğŸ”’"
"270","270","Honeywell","United States","ğŸ”’","ğŸ”’","ğŸ”’","ğŸ”’"
"271","271","TIM","Italy","ğŸ”’","ğŸ”’","ğŸ”’","ğŸ”’"
"272","272","Aviva","United Kingdom","ğŸ”’","ğŸ”’","ğŸ”’","ğŸ”’"
"273","273","Playstation","Japan","ğŸ”’","ğŸ”’","ğŸ”’","ğŸ”’"
"274","274","Brookfield","Canada","ğŸ”’","ğŸ”’","ğŸ”’","ğŸ”’"
"275","275","CRRC","China","ğŸ”’","ğŸ”’","ğŸ”’","ğŸ”’"
"276","276","Truist","United States","ğŸ”’","ğŸ”’","ğŸ”’","ğŸ”’"
"277","277","Michelin","France","ğŸ”’","ğŸ”’","ğŸ”’","ğŸ”’"
"278","278","Qualcomm","United States","ğŸ”’","ğŸ”’","ğŸ”’","ğŸ”’"
"279","279","Broadcom","United States","ğŸ”’","ğŸ”’","ğŸ”’","ğŸ”’"
"280","280","Travelers","United States","ğŸ”’","ğŸ”’","ğŸ”’","ğŸ”’"
"281","281","Infosys","India","ğŸ”’","ğŸ”’","ğŸ”’","ğŸ”’"
"282","282","Red Bull","Austria","ğŸ”’","ğŸ”’","ğŸ”’","ğŸ”’"
"283","283","Bell","Canada","ğŸ”’","ğŸ”’","ğŸ”’","ğŸ”’"
"284","284","Commonwealth Bank","Australia","ğŸ”’","ğŸ”’","ğŸ”’","ğŸ”’"
"285","285","Merrill","United States","ğŸ”’","ğŸ”’","ğŸ”’","ğŸ”’"
"286","286","Philips","Netherlands","ğŸ”’","ğŸ”’","ğŸ”’","ğŸ”’"
"287","287","Bridgestone","Japan","ğŸ”’","ğŸ”’","ğŸ”’","ğŸ”’"
"288","288","Lloyds Bank","United Kingdom","ğŸ”’","ğŸ”’","ğŸ”’","ğŸ”’"
"289","289","Heineken","Netherlands","ğŸ”’","ğŸ”’","ğŸ”’","ğŸ”’"
"290","290","Swiss Re","Switzerland","ğŸ”’","ğŸ”’","ğŸ”’","ğŸ”’"
"291","291","Credit Suisse","Switzerland","ğŸ”’","ğŸ”’","ğŸ”’","ğŸ”’"
"292","292","Pemex","Mexico","ğŸ”’","ğŸ”’","ğŸ”’","ğŸ”’"
"293","293","Nippon Life Insurance","Japan","ğŸ”’","ğŸ”’","ğŸ”’","ğŸ”’"
"294","294","Hikvision","China","ğŸ”’","ğŸ”’","ğŸ”’","ğŸ”’"
"295","295","Dior","France","ğŸ”’","ğŸ”’","ğŸ”’","ğŸ”’"
"296","296","Suning","China","ğŸ”’","ğŸ”’","ğŸ”’","ğŸ”’"
"297","297","Emirates","UAE","ğŸ”’","ğŸ”’","ğŸ”’","ğŸ”’"
"298","298","ItaÃº","Brazil","ğŸ”’","ğŸ”’","ğŸ”’","ğŸ”’"
"299","299","Valero","United States","ğŸ”’","ğŸ”’","ğŸ”’","ğŸ”’"
"300","300","COACH","United States","ğŸ”’","ğŸ”’","ğŸ”’","ğŸ”’"
"301","301","Saint-Gobain","France","ğŸ”’","ğŸ”’","ğŸ”’","ğŸ”’"
"302","302","Publix","United States","ğŸ”’","ğŸ”’","ğŸ”’","ğŸ”’"
"303","303","Kellogg's","United States","ğŸ”’","ğŸ”’","ğŸ”’","ğŸ”’"
"304","304","Prudential (US)","United States","ğŸ”’","ğŸ”’","ğŸ”’","ğŸ”’"
"305","305","Mizuho Financial Group","Japan","ğŸ”’","ğŸ”’","ğŸ”’","ğŸ”’"
"306","306","3","United Kingdom","ğŸ”’","ğŸ”’","ğŸ”’","ğŸ”’"
"307","307","Poste Italiane","Italy","ğŸ”’","ğŸ”’","ğŸ”’","ğŸ”’"
"308","308","Bradesco","Brazil","ğŸ”’","ğŸ”’","ğŸ”’","ğŸ”’"
"309","309","Capgemini","France","ğŸ”’","ğŸ”’","ğŸ”’","ğŸ”’"
"310","310","Youku","China","ğŸ”’","ğŸ”’","ğŸ”’","ğŸ”’"
"311","311","Chubb","Switzerland","ğŸ”’","ğŸ”’","ğŸ”’","ğŸ”’"
"312","312","Telus","Canada","ğŸ”’","ğŸ”’","ğŸ”’","ğŸ”’"
"313","313","Lego","Denmark","ğŸ”’","ğŸ”’","ğŸ”’","ğŸ”’"
"314","314","E.Leclerc","France","ğŸ”’","ğŸ”’","ğŸ”’","ğŸ”’"
"315","315","Discover","United States","ğŸ”’","ğŸ”’","ğŸ”’","ğŸ”’"
"316","316","Xiaomi","China","ğŸ”’","ğŸ”’","ğŸ”’","ğŸ”’"
"317","317","Intesa Sanpaolo","Italy","ğŸ”’","ğŸ”’","ğŸ”’","ğŸ”’"
"318","318","Ross Dress For Less","United States","ğŸ”’","ğŸ”’","ğŸ”’","ğŸ”’"
"319","319","ADP","United States","ğŸ”’","ğŸ”’","ğŸ”’","ğŸ”’"
"320","320","HPE","United States","ğŸ”’","ğŸ”’","ğŸ”’","ğŸ”’"
"321","321","Budweiser","United States","ğŸ”’","ğŸ”’","ğŸ”’","ğŸ”’"
"322","322","State Bank of India","India","ğŸ”’","ğŸ”’","ğŸ”’","ğŸ”’"
"323","323","CNOOC","China","ğŸ”’","ğŸ”’","ğŸ”’","ğŸ”’"
"324","324","Sherwin-Williams","United States","ğŸ”’","ğŸ”’","ğŸ”’","ğŸ”’"
"325","325","Safran","France","ğŸ”’","ğŸ”’","ğŸ”’","ğŸ”’"
"326","326","Pampers","United States","ğŸ”’","ğŸ”’","ğŸ”’","ğŸ”’"
"327","327","Daiwa House","Japan","ğŸ”’","ğŸ”’","ğŸ”’","ğŸ”’"
"328","328","Asda","United Kingdom","ğŸ”’","ğŸ”’","ğŸ”’","ğŸ”’"
"329","329","O2","United Kingdom","ğŸ”’","ğŸ”’","ğŸ”’","ğŸ”’"
"330","330","L&M","United States","ğŸ”’","ğŸ”’","ğŸ”’","ğŸ”’"
"331","331","EstÃ©e Lauder","United States","ğŸ”’","ğŸ”’","ğŸ”’","ğŸ”’"
"332","332","Telenor","Norway","ğŸ”’","ğŸ”’","ğŸ”’","ğŸ”’"
"333","333","Fresenius","Germany","ğŸ”’","ğŸ”’","ğŸ”’","ğŸ”’"
"334","334","Clinique","United States","ğŸ”’","ğŸ”’","ğŸ”’","ğŸ”’"
"335","335","Kroger","United States","ğŸ”’","ğŸ”’","ğŸ”’","ğŸ”’"
"336","336","NescafÃ©","Switzerland","ğŸ”’","ğŸ”’","ğŸ”’","ğŸ”’"
"337","337","PTT","Thailand","ğŸ”’","ğŸ”’","ğŸ”’","ğŸ”’"
"338","338","Claro","Mexico","ğŸ”’","ğŸ”’","ğŸ”’","ğŸ”’"
"339","339","Sprint","United States","ğŸ”’","ğŸ”’","ğŸ”’","ğŸ”’"
"340","340","Pall Mall","United States","ğŸ”’","ğŸ”’","ğŸ”’","ğŸ”’"
"341","341","Marriott","United States","ğŸ”’","ğŸ”’","ğŸ”’","ğŸ”’"
"342","342","QNB","Qatar","ğŸ”’","ğŸ”’","ğŸ”’","ğŸ”’"
"343","343","Tiffany & Co.","United States","ğŸ”’","ğŸ”’","ğŸ”’","ğŸ”’"
"344","344","Southwest Airlines","United States","ğŸ”’","ğŸ”’","ğŸ”’","ğŸ”’"
"345","345","Caterpillar","United States","ğŸ”’","ğŸ”’","ğŸ”’","ğŸ”’"
"346","346","BT","United Kingdom","ğŸ”’","ğŸ”’","ğŸ”’","ğŸ”’"
"347","347","NatWest","United Kingdom","ğŸ”’","ğŸ”’","ğŸ”’","ğŸ”’"
"348","348","HDFC Bank","India","ğŸ”’","ğŸ”’","ğŸ”’","ğŸ”’"
"349","349","McLane","United States","ğŸ”’","ğŸ”’","ğŸ”’","ğŸ”’"
"350","350","ABC","United States","ğŸ”’","ğŸ”’","ğŸ”’","ğŸ”’"
"351","351","Lukoil","Russia","ğŸ”’","ğŸ”’","ğŸ”’","ğŸ”’"
"352","352","DXC Technology","United States","ğŸ”’","ğŸ”’","ğŸ”’","ğŸ”’"
"353","353","CNBM","China","ğŸ”’","ğŸ”’","ğŸ”’","ğŸ”’"
"354","354","AutoZone","United States","ğŸ”’","ğŸ”’","ğŸ”’","ğŸ”’"
"355","355","Viettel","Vietnam","ğŸ”’","ğŸ”’","ğŸ”’","ğŸ”’"
"356","356","BHP","Australia","ğŸ”’","ğŸ”’","ğŸ”’","ğŸ”’"
"357","357","Chow Tai Fook","China (Hong Kong)","ğŸ”’","ğŸ”’","ğŸ”’","ğŸ”’"
"358","358","Bud Light","United States","ğŸ”’","ğŸ”’","ğŸ”’","ğŸ”’"
"359","359","CJ Group","South Korea","ğŸ”’","ğŸ”’","ğŸ”’","ğŸ”’"
"360","360","MCC","China","ğŸ”’","ğŸ”’","ğŸ”’","ğŸ”’"
"361","361","Mahindra Group","India","ğŸ”’","ğŸ”’","ğŸ”’","ğŸ”’"
"362","362","McKinsey","United States","ğŸ”’","ğŸ”’","ğŸ”’","ğŸ”’"
"363","363","Bouygues","France","ğŸ”’","ğŸ”’","ğŸ”’","ğŸ”’"
"364","364","Standard Chartered","United Kingdom","ğŸ”’","ğŸ”’","ğŸ”’","ğŸ”’"
"365","365","Sysco","United States","ğŸ”’","ğŸ”’","ğŸ”’","ğŸ”’"
"366","366","Guerlain","France","ğŸ”’","ğŸ”’","ğŸ”’","ğŸ”’"
"367","367","Shiseido","Japan","ğŸ”’","ğŸ”’","ğŸ”’","ğŸ”’"
"368","368","Domino's Pizza","United States","ğŸ”’","ğŸ”’","ğŸ”’","ğŸ”’"
"369","369","ctrip.com","China","ğŸ”’","ğŸ”’","ğŸ”’","ğŸ”’"
"370","370","CrÃ©dit Agricole","France","ğŸ”’","ğŸ”’","ğŸ”’","ğŸ”’"
"371","371","Micron Technology","United States","ğŸ”’","ğŸ”’","ğŸ”’","ğŸ”’"
"372","372","Carmax","United States","ğŸ”’","ğŸ”’","ğŸ”’","ğŸ”’"
"373","373","Schlumberger","United States","ğŸ”’","ğŸ”’","ğŸ”’","ğŸ”’"
"374","374","Rogers","Canada","ğŸ”’","ğŸ”’","ğŸ”’","ğŸ”’"
"375","375","Luzhou Laojiao","China","ğŸ”’","ğŸ”’","ğŸ”’","ğŸ”’"
"376","376","SFR","France","ğŸ”’","ğŸ”’","ğŸ”’","ğŸ”’"
"377","377","Pantene","United States","ğŸ”’","ğŸ”’","ğŸ”’","ğŸ”’"
"378","378","Fubon Financial","China (Taiwan)","ğŸ”’","ğŸ”’","ğŸ”’","ğŸ”’"
"379","379","FIS","United States","ğŸ”’","ğŸ”’","ğŸ”’","ğŸ”’"
"380","380","Xbox","United States","ğŸ”’","ğŸ”’","ğŸ”’","ğŸ”’"
"381","381","General Dynamics","United States","ğŸ”’","ğŸ”’","ğŸ”’","ğŸ”’"
"382","382","Centene Corporation","United States","ğŸ”’","ğŸ”’","ğŸ”’","ğŸ”’"
"383","383","Suzuki","Japan","ğŸ”’","ğŸ”’","ğŸ”’","ğŸ”’"
"384","384","Sprite","United States","ğŸ”’","ğŸ”’","ğŸ”’","ğŸ”’"
"385","385","Circle K","Canada","ğŸ”’","ğŸ”’","ğŸ”’","ğŸ”’"
"386","386","Pizza Hut","United States","ğŸ”’","ğŸ”’","ğŸ”’","ğŸ”’"
"387","387","Taco Bell","United States","ğŸ”’","ğŸ”’","ğŸ”’","ğŸ”’"
"388","388","Nintendo","Japan","ğŸ”’","ğŸ”’","ğŸ”’","ğŸ”’"
"389","389","Prudential (UK)","United Kingdom","ğŸ”’","ğŸ”’","ğŸ”’","ğŸ”’"
"390","390","Lenovo","China","ğŸ”’","ğŸ”’","ğŸ”’","ğŸ”’"
"391","391","VMWARE","United States","ğŸ”’","ğŸ”’","ğŸ”’","ğŸ”’"
"392","392","Lay's","United States","ğŸ”’","ğŸ”’","ğŸ”’","ğŸ”’"
"393","393","Esso","United States","ğŸ”’","ğŸ”’","ğŸ”’","ğŸ”’"
"394","394","Mengniu","China","ğŸ”’","ğŸ”’","ğŸ”’","ğŸ”’"
"395","395","Victoria's Secret","United States","ğŸ”’","ğŸ”’","ğŸ”’","ğŸ”’"
"396","396","Activision Blizzard","United States","ğŸ”’","ğŸ”’","ğŸ”’","ğŸ”’"
"397","397","Raytheon","United States","ğŸ”’","ğŸ”’","ğŸ”’","ğŸ”’"
"398","398","Dunkin'","United States","ğŸ”’","ğŸ”’","ğŸ”’","ğŸ”’"
"399","399","Rakuten","Japan","ğŸ”’","ğŸ”’","ğŸ”’","ğŸ”’"
"400","400","Coles","Australia","ğŸ”’","ğŸ”’","ğŸ”’","ğŸ”’"
"401","401","El Corte InglÃ©s","Spain","ğŸ”’","ğŸ”’","ğŸ”’","ğŸ”’"
"402","402","CCCC","China","ğŸ”’","ğŸ”’","ğŸ”’","ğŸ”’"
"403","403","Bayer","Germany","ğŸ”’","ğŸ”’","ğŸ”’","ğŸ”’"
"404","404","Swisscom","Switzerland","ğŸ”’","ğŸ”’","ğŸ”’","ğŸ”’"
"405","405","Best Buy","United States","ğŸ”’","ğŸ”’","ğŸ”’","ğŸ”’"
"406","406","Mobil","United States","ğŸ”’","ğŸ”’","ğŸ”’","ğŸ”’"
"407","407","Marshalls","United States","ğŸ”’","ğŸ”’","ğŸ”’","ğŸ”’"
"408","408","Thermo Fisher Scientific","United States","ğŸ”’","ğŸ”’","ğŸ”’","ğŸ”’"
"409","409","Tokio Marine","Japan","ğŸ”’","ğŸ”’","ğŸ”’","ğŸ”’"
"410","410","ABB","Switzerland","ğŸ”’","ğŸ”’","ğŸ”’","ğŸ”’"
"411","411","SiriusXM","United States","ğŸ”’","ğŸ”’","ğŸ”’","ğŸ”’"
"412","412","Royal Caribbean International","United States","ğŸ”’","ğŸ”’","ğŸ”’","ğŸ”’"
"413","413","Dove","United Kingdom","ğŸ”’","ğŸ”’","ğŸ”’","ğŸ”’"
"414","414","Bloomberg","United States","ğŸ”’","ğŸ”’","ğŸ”’","ğŸ”’"
"415","415","Indian Oil","India","ğŸ”’","ğŸ”’","ğŸ”’","ğŸ”’"
"416","416","Aflac","United States","ğŸ”’","ğŸ”’","ğŸ”’","ğŸ”’"
"417","417","Wrigley","United States","ğŸ”’","ğŸ”’","ğŸ”’","ğŸ”’"
"418","418","CFLD","China","ğŸ”’","ğŸ”’","ğŸ”’","ğŸ”’"
"419","419","Express Scripts","United States","ğŸ”’","ğŸ”’","ğŸ”’","ğŸ”’"
"420","420","CNRL","Canada","ğŸ”’","ğŸ”’","ğŸ”’","ğŸ”’"
"421","421","Burberry","United Kingdom","ğŸ”’","ğŸ”’","ğŸ”’","ğŸ”’"
"422","422","Western Digital","United States","ğŸ”’","ğŸ”’","ğŸ”’","ğŸ”’"
"423","423","HCL","India","ğŸ”’","ğŸ”’","ğŸ”’","ğŸ”’"
"424","424","Canadian National Railway","Canada","ğŸ”’","ğŸ”’","ğŸ”’","ğŸ”’"
"425","425","CrÃ©dit Mutuel","France","ğŸ”’","ğŸ”’","ğŸ”’","ğŸ”’"
"426","426","Dow","United States","ğŸ”’","ğŸ”’","ğŸ”’","ğŸ”’"
"427","427","OCBC Bank","Singapore","ğŸ”’","ğŸ”’","ğŸ”’","ğŸ”’"
"428","428","Caixa","Brazil","ğŸ”’","ğŸ”’","ğŸ”’","ğŸ”’"
"429","429","Unicharm","Japan","ğŸ”’","ğŸ”’","ğŸ”’","ğŸ”’"
"430","430","Geely","China","ğŸ”’","ğŸ”’","ğŸ”’","ğŸ”’"
"431","431","Whole Foods","United States","ğŸ”’","ğŸ”’","ğŸ”’","ğŸ”’"
"432","432","Iberdrola","Spain","ğŸ”’","ğŸ”’","ğŸ”’","ğŸ”’"
"433","433","ConocoPhillips","United States","ğŸ”’","ğŸ”’","ğŸ”’","ğŸ”’"
"434","434","Telkom Indonesia","Indonesia","ğŸ”’","ğŸ”’","ğŸ”’","ğŸ”’"
"435","435","nab","Australia","ğŸ”’","ğŸ”’","ğŸ”’","ğŸ”’"
"436","436","Macy's","United States","ğŸ”’","ğŸ”’","ğŸ”’","ğŸ”’"
"437","437","BAE Systems","United Kingdom","ğŸ”’","ğŸ”’","ğŸ”’","ğŸ”’"
"438","438","Dalian Wanda Commercial Properties","China","ğŸ”’","ğŸ”’","ğŸ”’","ğŸ”’"
"439","439","UOB","Singapore","ğŸ”’","ğŸ”’","ğŸ”’","ğŸ”’"
"440","440","Nordea","Sweden","ğŸ”’","ğŸ”’","ğŸ”’","ğŸ”’"
"441","441","Haidilao","China","ğŸ”’","ğŸ”’","ğŸ”’","ğŸ”’"
"442","442","Enbridge","Canada","ğŸ”’","ğŸ”’","ğŸ”’","ğŸ”’"
"443","443","McKesson","United States","ğŸ”’","ğŸ”’","ğŸ”’","ğŸ”’"
"444","444","Phillips 66","United States","ğŸ”’","ğŸ”’","ğŸ”’","ğŸ”’"
"445","445","Shinhan Financial Group","South Korea","ğŸ”’","ğŸ”’","ğŸ”’","ğŸ”’"
"446","446","Anta","China","ğŸ”’","ğŸ”’","ğŸ”’","ğŸ”’"
"447","447","Carrier","United States","ğŸ”’","ğŸ”’","ğŸ”’","ğŸ”’"
"448","448","ANZ","Australia","ğŸ”’","ğŸ”’","ğŸ”’","ğŸ”’"
"449","449","Munich Re","Germany","ğŸ”’","ğŸ”’","ğŸ”’","ğŸ”’"
"450","450","Garnier","France","ğŸ”’","ğŸ”’","ğŸ”’","ğŸ”’"
"451","451","Collins Aerospace","United States","ğŸ”’","ğŸ”’","ğŸ”’","ğŸ”’"
"452","452","Nvidia","United States","ğŸ”’","ğŸ”’","ğŸ”’","ğŸ”’"
"453","453","Leroy Merlin","France","ğŸ”’","ğŸ”’","ğŸ”’","ğŸ”’"
"454","454","Daikin","Japan","ğŸ”’","ğŸ”’","ğŸ”’","ğŸ”’"
"455","455","BUICK","United States","ğŸ”’","ğŸ”’","ğŸ”’","ğŸ”’"
"456","456","Victoria","Mexico","ğŸ”’","ğŸ”’","ğŸ”’","ğŸ”’"
"457","457","CSX","United States","ğŸ”’","ğŸ”’","ğŸ”’","ğŸ”’"
"458","458","Abbott","United States","ğŸ”’","ğŸ”’","ğŸ”’","ğŸ”’"
"459","459","Texas Instruments","United States","ğŸ”’","ğŸ”’","ğŸ”’","ğŸ”’"
"460","460","SF Express","China","ğŸ”’","ğŸ”’","ğŸ”’","ğŸ”’"
"461","461","Banco do Brasil","Brazil","ğŸ”’","ğŸ”’","ğŸ”’","ğŸ”’"
"462","462","AIG","United States","ğŸ”’","ğŸ”’","ğŸ”’","ğŸ”’"
"463","463","Monster","United States","ğŸ”’","ğŸ”’","ğŸ”’","ğŸ”’"
"464","464","Mercadona","Spain","ğŸ”’","ğŸ”’","ğŸ”’","ğŸ”’"
"465","465","Hyatt","United States","ğŸ”’","ğŸ”’","ğŸ”’","ğŸ”’"
"466","466","Kohl's","United States","ğŸ”’","ğŸ”’","ğŸ”’","ğŸ”’"
"467","467","McCain","Canada","ğŸ”’","ğŸ”’","ğŸ”’","ğŸ”’"
"468","468","Telia Company","Sweden","ğŸ”’","ğŸ”’","ğŸ”’","ğŸ”’"
"469","469","Holiday Inn","United States","ğŸ”’","ğŸ”’","ğŸ”’","ğŸ”’"
"470","470","Emerson Electric","United States","ğŸ”’","ğŸ”’","ğŸ”’","ğŸ”’"
"471","471","Airtel","India","ğŸ”’","ğŸ”’","ğŸ”’","ğŸ”’"
"472","472","Innogy","Germany","ğŸ”’","ğŸ”’","ğŸ”’","ğŸ”’"
"473","473","Deutsche Post","Germany","ğŸ”’","ğŸ”’","ğŸ”’","ğŸ”’"
"474","474","Kirin","Japan","ğŸ”’","ğŸ”’","ğŸ”’","ğŸ”’"
"475","475","Tim Hortons","Canada","ğŸ”’","ğŸ”’","ğŸ”’","ğŸ”’"
"476","476","Manulife","Canada","ğŸ”’","ğŸ”’","ğŸ”’","ğŸ”’"
"477","477","Centurylink","United States","ğŸ”’","ğŸ”’","ğŸ”’","ğŸ”’"
"478","478","Las Vegas Sands","United States","ğŸ”’","ğŸ”’","ğŸ”’","ğŸ”’"
"479","479","Ralph Lauren","United States","ğŸ”’","ğŸ”’","ğŸ”’","ğŸ”’"
"480","480","Gatorade","United States","ğŸ”’","ğŸ”’","ğŸ”’","ğŸ”’"
"481","481","M.A.C","United States","ğŸ”’","ğŸ”’","ğŸ”’","ğŸ”’"
"482","482","Sompo Japan Nipponkoa","Japan","ğŸ”’","ğŸ”’","ğŸ”’","ğŸ”’"
"483","483","HealthNet","United States","ğŸ”’","ğŸ”’","ğŸ”’","ğŸ”’"
"484","484","Sodexo","France","ğŸ”’","ğŸ”’","ğŸ”’","ğŸ”’"
"485","485","Air China","China","ğŸ”’","ğŸ”’","ğŸ”’","ğŸ”’"
"486","486","ZTE","China","ğŸ”’","ğŸ”’","ğŸ”’","ğŸ”’"
"487","487","BD","United States","ğŸ”’","ğŸ”’","ğŸ”’","ğŸ”’"
"488","488","Nordstrom","United States","ğŸ”’","ğŸ”’","ğŸ”’","ğŸ”’"
"489","489","Fiserv","United States","ğŸ”’","ğŸ”’","ğŸ”’","ğŸ”’"
"490","490","SABIC","Saudi Arabia","ğŸ”’","ğŸ”’","ğŸ”’","ğŸ”’"
"491","491","Wipro","India","ğŸ”’","ğŸ”’","ğŸ”’","ğŸ”’"
"492","492","Huggies","United States","ğŸ”’","ğŸ”’","ğŸ”’","ğŸ”’"
"493","493","KBC","Belgium","ğŸ”’","ğŸ”’","ğŸ”’","ğŸ”’"
"494","494","Burger King","United States","ğŸ”’","ğŸ”’","ğŸ”’","ğŸ”’"
"495","495","Head & Shoulders","United States","ğŸ”’","ğŸ”’","ğŸ”’","ğŸ”’"
"496","496","Merck & Co","United States","ğŸ”’","ğŸ”’","ğŸ”’","ğŸ”’"
"497","497","Sun Hung Kai Properties","China (Hong Kong)","ğŸ”’","ğŸ”’","ğŸ”’","ğŸ”’"
"498","498","D.R. Horton","United States","ğŸ”’","ğŸ”’","ğŸ”’","ğŸ”’"
"499","499","Cummins","United States","ğŸ”’","ğŸ”’","ğŸ”’","ğŸ”’"
"500","500","Maybelline","United States","ğŸ”’","ğŸ”’","ğŸ”’","ğŸ”’"
